<?xml version="1.0" encoding="UTF-8"?>
<!DOCTYPE mapper PUBLIC "-//mybatis.org//DTD Mapper 3.0//EN"
 "http://mybatis.org/dtd/mybatis-3-mapper.dtd">
 
<mapper namespace="mapper.board">
	<insert id="insertBoard" parameterType="Board" useGeneratedKeys="true" keyProperty="num">
		<![CDATA[
			insert into board (subject,content,writedate,filenum,writer)
				values (#{subject},#{content},curdate(),#{filenum},#{writer})
		]]>
	</insert>
	
	<insert id="insertFile" parameterType="File"  useGeneratedKeys="true" keyProperty="num">
		<![CDATA[
			insert into file (directory,name,size,contenttype,uploaddate)
				values (#{directory},#{name},#{size},#{contenttype},curdate())
		]]>
	</insert>
	
	<select id="selectBoardList" parameterType="Integer" resultType="Board">
		<![CDATA[
			select * from board order by num desc
			limit #{row}, 10
		]]>
	</select>
	
	<select id="selectBoardCount" resultType="Integer">
		<![CDATA[
			select count(*) from board
		]]>
	</select>
	
	<select id="selectBoard" resultType="Board" parameterType="Integer">
		<![CDATA[
			select * from board where num=#{num}
		]]>
	</select>
	
	<update id="updateBoard" parameterType="Board">
		update board
		<trim prefix="SET" suffixOverrides=",">
			<if test="subject != null">subject=#{subject},</if>
			<if test="content != null">content=#{content},</if>
			<if test="filenum != null">filenum=#{filenum}</if>
		</trim>
		where num = #{num}
	</update>
</mapper> 